id,text
0,"The hum of the fluorescent lights above grew louder, almost deafening."
1,"The air grew heavy, suffocating, as if the room itself was holding its breath."
2,"He glanced over his shoulder, sure someone was watching him, but the alley was empty."
3,"The door opened, but no one was there."
4,"The clock seemed to tick faster, each passing second closing in on her like a trap."
5,"A figure appeared at the end of the hallway, just out of reach, standing perfectly still."
6,"A shadow passed over the window, too large to be a bird or a cloud."
7,"The hairs on his arms stood on end as he heard the distinct sound of a breath, soft and slow."
8,"Her fingers brushed against something wet in the dark, but it wasn’t water."
9,"The candle’s flame sputtered, casting strange, shifting shapes against the walls."
10,"He noticed how her fingers brushed against his as they passed the book, and for a split second, he could’ve sworn she lingered just a touch longer than necessary."
11,"The warmth of his hand on the small of her back sent a thrill through her, and she couldn’t help but wonder if he felt the same electricity between them."
12,"His chest tightened when she smiled at him, the kind of smile that was meant for only him, and he felt a strange ache in his heart, like he was already falling."
13,"He caught her watching him from across the table, and for a fleeting second, he felt a rush of warmth flood his chest—was it possible she felt it too?"
14,"She smiled shyly as he offered her his jacket, the warmth of his touch igniting something inside her that she wasn’t ready to acknowledge."
15,"His close proximity sent her pulse into overdrive, and she found herself searching his eyes, wondering if he was feeling the same spark she was."
16,"The coffee machine hummed softly as it brewed the morning pot."
17,"The clock on the wall ticked steadily, marking the passage of time."
18,"The rain tapped against the window, a rhythmic, steady sound."
19,"She folded the laundry, neatly stacking the towels in the basket."
20,"He tapped the pencil on the desk, staring at the blank sheet of paper in front of him."
21,"She adjusted the cushions on the couch and sat down with a book."
22,"The sound of a distant car engine idled in the background."
23,"The phone rang once, then stopped, leaving only the quiet hum of the room."
24,"The sidewalk was lined with trees, their leaves rustling softly in the wind."
25,"There is no doubt about the honesty of nature."